home,home_point
Netherlands,7.615163649304561
Senegal,5.878928628436669
England,2.9296139495443447
Wales,0.0722993750201225
Argentina,6.618825715307395
Mexico,5.612895243243381
France,7.189486152468598
Australia,4.251216030981641
Spain,7.177169883224131
Germany,6.226577895860402
Belgium,6.003151759967669
Morocco,5.907165048444832
Brazil,7.8417393845121595
Switzerland,4.381670888227142
Portugal,4.451014879710798
Uruguay,2.360641877271237
