home,home_point
Netherlands,4.3851398191743485
Senegal,4.339980508374329
England,1.887878200157026
Wales,0.0579847671454227
Argentina,3.465204519135976
Mexico,3.1798535753991866
France,3.9919154169326436
Denmark,2.719427046135861
Spain,2.639550379067221
Japan,2.029218278084762
Morocco,4.328947642580397
Croatia,3.841330816331638
Brazil,3.8528984278373253
Switzerland,3.179002416564887
Portugal,2.596765106581082
Ghana,1.8027075706863478
