home,home_point
Ecuador,5.982957722546983
Netherlands,5.9001073121233345
England,2.705953089495345
Wales,0.2885879356230719
Saudi Arabia,5.493003057765016
Mexico,4.459731240177192
Australia,6.519113090625625
Denmark,4.661801954394497
Germany,6.418743832755535
Spain,4.298164253279018
Belgium,6.820718534318567
Croatia,5.880657835301016
Brazil,5.610170842657213
Switzerland,4.650050600422486
Uruguay,3.609451663155787
Portugal,3.25005974890325
