home,home_point
Senegal,4.491780452462816
Netherlands,4.320396669364027
England,1.8669890730260836
Wales,0.0710361757675708
Argentina,3.5304782808050086
Mexico,3.1858645566626738
France,4.112233437034785
Denmark,2.710234293419151
Spain,2.6411631179770234
Japan,2.01532499374817
Morocco,4.290970051275985
Croatia,3.8257018912056258
Brazil,3.8500602157892203
Switzerland,3.1412961726659034
Portugal,2.5888734552264925
Ghana,1.8504162153993344
